Year,Average Uploads
1904,2574.3333333333335
1908,2155.75
1912,2895
1916,2799.5
1920,4169
1924,2872
1928,3087.1666666666665
1932,2382.6
1936,2519.25
1940,2920.2
1944,2746.25
1948,2555.3333333333335
1952,3104.8
1956,2974.6666666666665
1960,691
1964,2426.25
1968,2463
1972,3396
1976,2301
1980,2759.5
1984,749
1988,3192.4
1992,2250.5
1996,1771
2000,2775.5
2004,3001
2008,1760.6666666666667
2012,3296.25
